filename,result,gender,skin tone
approved-1710.jpg,1,F,asian
approved-1724.jpg,5,F,white
approved-1733.jpg,1,M,asian
approved-1773.jpg,0
approved-1796.jpg,6,M,latino hispanic
approved-1818.jpg,3,F,white
approved-1824.jpg,7,F,white
approved-1846.jpg,5,M,indian
approved-1850.jpg,6,F,latino hispanic
approved-1852.jpg,6,F,latino hispanic
approved-1865.jpg,6,M,black
approved-1877.jpg,3,M,asian
approved-2890.jpg,5,M,asian
approved-2893.jpg,3,F,asian
approved-2915.jpg,3,F,asian
approved-2936.jpg,1,M,latino hispanic
approved-2943.jpg,8,M,white
approved-2956.jpg,6,F,white
approved-2958.jpg,6,F,white
approved-3045.jpg,3,F,asian
approved-3061.jpg,3,F,white
approved-3063.jpg,1,M,latino hispanic
face-match-1725.jpg,3,F,asian
face-match-1751.jpg,5,M,asian
face-match-1780.jpg,5,F,white
face-match-1886.jpg,6,M,black
face-match-2866.jpg,6,M,white
face-match-2962.jpg,6,F,latino hispanic
face-match-3009.jpg,5,M,white
face-match-3035.jpg,6,F,asian
face-match-3042.jpg,6,F,white
face-match-3071.jpg,6,F,black
single-face-1010149.jpg,6,F,white
single-face-1010152.jpg,5,F,white
single-face-1010163.jpg,6,M,indian
single-face-1010165.jpg,5,M,asian
single-face-1010166.jpg,3,F,black
single-face-1010168.jpg,5,M,indian
single-face-1010169.jpg,5,F,asian
single-face-1010179.jpg,1,M,white
single-face-1010192.jpg,1,F,asian
single-face-1010201.jpg,6,F,white
single-face-1010202.jpg,1,M,white
single-face-1024601.jpg,7,M,black
single-face-1024604.jpg,1,F,asian
single-face-1024607.jpg,1,F,latino hispanic
single-face-1024613.jpg,3,F,asian
single-face-1024623.jpg,3,M,white
single-face-1024625.jpg,3,M,white
single-face-1024626.jpg,3,M,white
single-face-1024627.jpg,3,F,white
single-face-1024628.jpg,5,M,asian
single-face-1024629.jpg,6,F,white
single-face-1045560.jpg,3,F,white
single-face-1045578.jpg,1,F,asian
single-face-1045581.jpg,3,M,white
single-face-1045588.jpg,0,M,white
single-face-1045590.jpg,6,M,white
single-face-1045591.jpg,6,M,white
single-face-1045592.jpg,6,M,white
single-face-1045593.jpg,0,F,white
single-face-1045595.jpg,0,F,asian
single-face-1045605.jpg,5,F,white
single-face-1045606.jpg,3,F,white
single-face-1045615.jpg,3,F,white
single-face-1045617.jpg,3,F,asian
single-face-1045620.jpg,5,M,white
single-face-1057119.jpg,5,F,white
single-face-1057120.jpg,3,M,asian
single-face-1057121.jpg,3,M,asian
single-face-1057122.jpg,5,F,white
single-face-1057127.jpg,6,F,white
single-face-1057129.jpg,3,F,white
single-face-1068599.jpg,5,F,latino hispanic
single-face-1068605.jpg,0,F,asian
single-face-1084355.jpg,3,F,white
single-face-1084370.jpg,7,F,black
single-face-1084372.jpg,8,M,black
single-face-1084375.jpg,3,F,asian
single-face-1084376.jpg,5,M,asian
single-face-1084392.jpg,3,F,white
single-face-1084400.jpg,6,M,white
single-face-1084410.jpg,3,F,white
single-face-109681.jpg,19,F,white
single-face-109689.jpg,3,F,latino hispanic
single-face-109698.jpg,3,F,white
single-face-109717.jpg,3,M,white
single-face-109723.jpg,1,F,white
single-face-109728.jpg,3,F,white
single-face-109731.jpg,3,M,white
single-face-109733.jpg,3,F,white
single-face-109736.jpg,3,M,white
single-face-109752.jpg,5,F,latino hispanic
single-face-109755.jpg,5,F,latino hispanic
single-face-109757.jpg,3,F,latino hispanic
single-face-109759.jpg,5,F,latino hispanic
single-face-109761.jpg,5,F,latino hispanic
single-face-109765.jpg,5,M,latino hispanic
single-face-109767.jpg,3,F,latino hispanic
single-face-109769.jpg,3,F,latino hispanic
single-face-109771.jpg,5,M,latino hispanic
single-face-109773.jpg,5,M,latino hispanic
single-face-109777.jpg,5,F,latino hispanic
single-face-109780.jpg,1,F,latino hispanic
single-face-109782.jpg,3
single-face-109793.jpg,3,M,latino hispanic
single-face-109794.jpg,1,F,latino hispanic
single-face-109797.jpg,5,F,white
single-face-109799.jpg,3,F,asian
single-face-1107661.jpg,6,F,white
single-face-1107662.jpg,6,F,white
single-face-1107664.jpg,0,M,asian
single-face-1107666.jpg,6,F,white
single-face-1107668.jpg,7,F,white
single-face-1107672.jpg,3,F,latino hispanic
single-face-1107675.jpg,6,F,latino hispanic
single-face-1107676.jpg,3,M,asian
single-face-1107677.jpg,5,M,latino hispanic
single-face-1107680.jpg,5,M,black
single-face-1107697.jpg,5,F,latino hispanic
single-face-1125309.jpg,3,F,asian
single-face-1125799.jpg,1,M,white
single-face-1125824.jpg,5,F,asian
single-face-1130498.jpg,5,M,white
single-face-1140715.jpg,8,F,white
single-face-1140716.jpg,6,M,white
single-face-1140717.jpg,0,F,asian
single-face-1140746.jpg,1,M,asian
single-face-1140757.jpg,6,F,latino hispanic
single-face-1140758.jpg,3,F,asian
single-face-1140761.jpg,6,F,asian
single-face-1140772.jpg,18,M,white
single-face-1148274.jpg,3,M,asian
single-face-1148275.jpg,1,F,asian
single-face-1148277.jpg,3,M,asian
single-face-1149847.jpg,1,M,asian
single-face-1149851.jpg,1,M,asian
single-face-1149855.jpg,0,M,asian
single-face-115229.jpg,3,F,latino hispanic
single-face-1152577.jpg,5,F,white
single-face-1152580.jpg,3
single-face-1162241.jpg,6,M,asian
single-face-1162245.jpg,0,M,asian
single-face-1170070.jpg,6,M,black
single-face-1170071.jpg,5,M,black
single-face-1170074.jpg,5,F,black
single-face-1170077.jpg,5,M,black
single-face-1170078.jpg,6,F,black
single-face-1170079.jpg,5,F,black
single-face-1170081.jpg,6,M,white
single-face-1174873.jpg,3,M,asian
single-face-1174874.jpg,5,M,latino hispanic
single-face-1174875.jpg,3,M,white
single-face-1174877.jpg,3,F,asian
single-face-1175862.jpg,1,M,asian
single-face-1175863.jpg,0,M,asian
single-face-1176544.jpg,3,M,asian
single-face-1176545.jpg,3,M,asian
single-face-1176546.jpg,3,M,asian
single-face-1176547.jpg,1,M,asian
single-face-119492.jpg,6,F,white
single-face-120118.jpg,5,F,white
single-face-120122.jpg,5,F,asian
single-face-120147.jpg,3,F,latino hispanic
single-face-120157.jpg,8,M,latino hispanic
single-face-120172.jpg,1,F,white
single-face-120177.jpg,5,F,white
single-face-120191.jpg,1,F,asian
single-face-120192.jpg,5,F,white
single-face-120193.jpg,3,M,white
single-face-120212.jpg,1,M,asian
single-face-120216.jpg,1,M,asian
single-face-120218.jpg,1,F,asian
single-face-120221.jpg,3,M,asian
single-face-120262.jpg,5,F,latino hispanic
single-face-120264.jpg,5,M,latino hispanic
single-face-120280.jpg,3,M,asian
single-face-120293.jpg,3,F,white
single-face-120298.jpg,5,F,asian
single-face-120310.jpg,3,M,white
single-face-122082.jpg,9,F,latino hispanic
single-face-122083.jpg,5,F,latino hispanic
single-face-122086.jpg,5,F,white
single-face-122100.jpg,8,F,black
single-face-122102.jpg,5,M,black
single-face-122104.jpg,9,F,white
single-face-122105.jpg,9,F,middle eastern
single-face-122107.jpg,11,F,latino hispanic
single-face-122108.jpg,7,F,latino hispanic
single-face-122109.jpg,8,F,latino hispanic
single-face-122111.jpg,7,F,latino hispanic
single-face-122112.jpg,9,F,latino hispanic
single-face-122113.jpg,6,F,latino hispanic
single-face-122115.jpg,1,F,asian
single-face-122117.jpg,0,F,asian
single-face-122123.jpg,3,F,white
single-face-122124.jpg,3,F,white
single-face-122127.jpg,5,M,latino hispanic
single-face-122147.jpg,1,F,asian
single-face-122148.jpg,3,F,asian
single-face-122149.jpg,1,M,asian
single-face-122151.jpg,3,F,white
single-face-122153.jpg,1,M,white
single-face-122154.jpg,1,M,asian
single-face-122155.jpg,1,F,asian
single-face-122156.jpg,1,M,white
single-face-122158.jpg,1,F,white
single-face-122159.jpg,1,M,asian
single-face-122160.jpg,1,M,asian
single-face-122177.jpg,1
single-face-122178.jpg,3,M,asian
single-face-122184.jpg,1
single-face-122185.jpg,1,F,asian
single-face-122191.jpg,1,F,asian
single-face-122245.jpg,0,M,white
single-face-122254.jpg,9,M,black
single-face-122255.jpg,5,M,latino hispanic
single-face-122259.jpg,6,F,white
single-face-122268.jpg,3,F,asian
single-face-122269.jpg,1,F,asian
single-face-122287.jpg,1,F,asian
single-face-122288.jpg,1,F,asian
single-face-122289.jpg,3,M,asian
single-face-122290.jpg,1,F,asian
single-face-122295.jpg,7,M,white
single-face-122298.jpg,6,F,latino hispanic
single-face-122314.jpg,5,F,asian
single-face-122338.jpg,5,M,black
single-face-122340.jpg,7,F,black
single-face-122343.jpg,5,F,white
single-face-122344.jpg,5,M,white
single-face-122345.jpg,3,F,white
single-face-122346.jpg,5,M,white
single-face-122350.jpg,30
single-face-122353.jpg,12,M,asian
single-face-122357.jpg,6,F,white
single-face-122358.jpg,1,F,latino hispanic
single-face-137476.jpg,3,F,latino hispanic
single-face-137478.jpg,6,M,black
single-face-137479.jpg,5,F,black
single-face-137480.jpg,6,F,black
single-face-137484.jpg,6,M,black
single-face-137492.jpg,1,F,asian
single-face-137515.jpg,5,M,asian
single-face-145853.jpg,5,F,asian
single-face-148282.jpg,3,M,asian
single-face-149879.jpg,0,F,white
single-face-149880.jpg,1,M,white
single-face-149882.jpg,3,F,latino hispanic
single-face-149887.jpg,6,F,latino hispanic
single-face-156044.jpg,5,M,asian
single-face-158109.jpg,3,F,latino hispanic
single-face-158110.jpg,5,F,latino hispanic
single-face-159728.jpg,1,F,white
single-face-159913.jpg,8,M,white
single-face-1711.jpg,1,F,asian
single-face-1712.jpg,3,F,asian
single-face-1714.jpg,1,F,white
single-face-1716.jpg,1,F,asian
single-face-1726.jpg,1,F,asian
single-face-1728.jpg,1,F,asian
single-face-1729.jpg,1,F,asian
single-face-1762.jpg,1
single-face-1763.jpg,3,M,latino hispanic
single-face-1766.jpg,0,F,asian
single-face-1767.jpg,0,F,white
single-face-1768.jpg,1,F,latino hispanic
single-face-1781.jpg,7,F,white
single-face-1784.jpg,7,F,latino hispanic
single-face-1785.jpg,6,F,latino hispanic
single-face-1786.jpg,6,F,latino hispanic
single-face-1787.jpg,5,F,latino hispanic
single-face-1837.jpg,1,M,asian
single-face-1838.jpg,1,M,asian
single-face-1853.jpg,6,F,latino hispanic
single-face-1854.jpg,7,M,latino hispanic
single-face-1855.jpg,6,F,latino hispanic
single-face-1857.jpg,5,M,latino hispanic
single-face-1858.jpg,6,F,latino hispanic
single-face-1859.jpg,7,F,latino hispanic
single-face-1860.jpg,5,M,latino hispanic
single-face-1861.jpg,5,M,latino hispanic
single-face-1867.jpg,6,F,black
single-face-1879.jpg,3,F,asian
single-face-1882.jpg,1
single-face-1887.jpg,6,M,black
single-face-1888.jpg,7,F,black
single-face-204212.jpg,6,F,white
single-face-204214.jpg,7,F,white
single-face-204215.jpg,3,F,white
single-face-204216.jpg,3,F,white
single-face-204219.jpg,6,F,white
single-face-204220.jpg,0,F,white
single-face-204221.jpg,1,F,white
single-face-204232.jpg,3,M,latino hispanic
single-face-204235.jpg,3,M,white
single-face-204256.jpg,3,F,latino hispanic
single-face-204262.jpg,3,F,white
single-face-204271.jpg,6,F,latino hispanic
single-face-204288.jpg,1,F,latino hispanic
single-face-204290.jpg,5,F,white
single-face-204292.jpg,5,M,white
single-face-204293.jpg,3,F,white
single-face-204297.jpg,3,F,white
single-face-204315.jpg,5,F,black
single-face-204317.jpg,6,F,black
single-face-204318.jpg,6,F,asian
single-face-204320.jpg,5,M,black
single-face-204321.jpg,6,F,asian
single-face-226320.jpg,5,F,white
single-face-226321.jpg,1,F,white
single-face-226329.jpg,6,M,indian
single-face-226361.jpg,3,M,asian
single-face-226364.jpg,3,M,asian
single-face-226365.jpg,3,M,asian
single-face-226366.jpg,5,M,latino hispanic
single-face-226368.jpg,5,F,asian
single-face-243497.jpg,6,M,white
single-face-243517.jpg,1,M,latino hispanic
single-face-243520.jpg,3,F,asian
single-face-248315.jpg,3,F,asian
single-face-248317.jpg,1,F,asian
single-face-248322.jpg,1,F,asian
single-face-248332.jpg,3,F,white
single-face-248336.jpg,3,F,latino hispanic
single-face-248340.jpg,3,F,asian
single-face-248342.jpg,3,M,white
single-face-249796.jpg,6,F,latino hispanic
single-face-257464.jpg,3,M,asian
single-face-257466.jpg,1,M,white
single-face-257471.jpg,1,F,white
single-face-257473.jpg,1,M,white
single-face-257475.jpg,0,M,asian
single-face-257478.jpg,3,M,asian
single-face-257480.jpg,3,F,asian
single-face-257482.jpg,3,M,asian
single-face-257484.jpg,5,M,asian
single-face-257486.jpg,1,M,asian
single-face-257489.jpg,5,F,white
single-face-257493.jpg,3,F,asian
single-face-257510.jpg,1,F,white
single-face-257529.jpg,5,F,white
single-face-257531.jpg,6,F,latino hispanic
single-face-257533.jpg,6,M,white
single-face-257536.jpg,9,F,white
single-face-258725.jpg,1,F,asian
single-face-259429.jpg,1,M,asian
single-face-259430.jpg,1,F,asian
single-face-259431.jpg,3,F,asian
single-face-259432.jpg,5,F,white
single-face-259433.jpg,5,F,asian
single-face-259434.jpg,6,M,asian
single-face-259437.jpg,5,M,black
single-face-267246.jpg,7,M,black
single-face-270863.jpg,3,F,white
single-face-270866.jpg,6,M,latino hispanic
single-face-270873.jpg,6,F,white
single-face-283712.jpg,6,M,black
single-face-2857.jpg,5,F,white
single-face-2859.jpg,6,M,white
single-face-2867.jpg,5,F,white
single-face-2879.jpg,6,F,black
single-face-2880.jpg,5,F,black
single-face-2881.jpg,5,F,black
single-face-2894.jpg,3,F,latino hispanic
single-face-289687.jpg,7,M,white
single-face-289688.jpg,6,M,white
single-face-289689.jpg,9,M,white
single-face-289690.jpg,5,M,white
single-face-289692.jpg,5,M,white
single-face-289696.jpg,3,F,latino hispanic
single-face-289697.jpg,3,F,asian
single-face-2899.jpg,5,M,asian
single-face-2920.jpg,5,M,white
single-face-2940.jpg,3,M,asian
single-face-2944.jpg,8,M,white
single-face-2960.jpg,5,M,latino hispanic
single-face-2963.jpg,6,F,latino hispanic
single-face-2964.jpg,5,F,latino hispanic
single-face-2965.jpg,6,F,latino hispanic
single-face-2966.jpg,5,M,latino hispanic
single-face-2967.jpg,7,F,latino hispanic
single-face-2968.jpg,6,F,latino hispanic
single-face-2969.jpg,5,M,latino hispanic
single-face-2970.jpg,6,F,latino hispanic
single-face-2971.jpg,5,M,latino hispanic
single-face-2973.jpg,7,F,black
single-face-2974.jpg,6,F,black
single-face-2975.jpg,7,F,black
single-face-2988.jpg,7,M,white
single-face-2989.jpg,11,M,white
single-face-2990.jpg,6,F,middle eastern
single-face-2991.jpg,5,F,latino hispanic
single-face-2992.jpg,6,F,white
single-face-2993.jpg,6,M,middle eastern
single-face-3024.jpg,5,F,latino hispanic
single-face-3025.jpg,5,F,latino hispanic
single-face-302532.jpg,5,M,asian
single-face-3029.jpg,5,F,latino hispanic
single-face-3036.jpg,5,F,asian
single-face-3038.jpg,1
single-face-3039.jpg,0,M,asian
single-face-3046.jpg,3,F,asian
single-face-3047.jpg,5,M,asian
single-face-3049.jpg,1,F,asian
single-face-3051.jpg,3,F,asian
single-face-3052.jpg,3,M,asian
single-face-3056.jpg,5,M,black
single-face-3058.jpg,7,M,black
single-face-3064.jpg,1,M,latino hispanic
single-face-3073.jpg,6,M,black
single-face-322463.jpg,7,M,black
single-face-322464.jpg,6,M,black
single-face-322465.jpg,7,M,black
single-face-322472.jpg,3,M,asian
single-face-322473.jpg,0,M,asian
single-face-322474.jpg,0,M,asian
single-face-322475.jpg,1,F,asian
single-face-322476.jpg,1,F,asian
single-face-322479.jpg,0,M,asian
single-face-322483.jpg,8,M,black
single-face-322485.jpg,9,M,black
single-face-322487.jpg,7,M,black
single-face-322501.jpg,0,F,asian
single-face-322503.jpg,3,M,white
single-face-322504.jpg,6,F,white
single-face-322505.jpg,5,M,latino hispanic
single-face-333185.jpg,5,M,white
single-face-333186.jpg,3,F,white
single-face-333187.jpg,6,M,white
single-face-333190.jpg,1,M,white
single-face-333191.jpg,1,M,white
single-face-333212.jpg,3,F,latino hispanic
single-face-333213.jpg,8,M,latino hispanic
single-face-333222.jpg,3,M,latino hispanic
single-face-333240.jpg,3,F,white
single-face-333242.jpg,3,F,white
single-face-333244.jpg,3,F,white
single-face-333248.jpg,3,F,white
single-face-334685.jpg,6,M,asian
single-face-334687.jpg,1,F,asian
single-face-334689.jpg,3,F,asian
single-face-335254.jpg,7,M,latino hispanic
single-face-335457.jpg,6,F,black
single-face-335458.jpg,5,F,asian
single-face-335460.jpg,5,M,black
single-face-335462.jpg,5,F,black
single-face-335464.jpg,6,M,black
single-face-335465.jpg,5,M,black
single-face-335466.jpg,1,M,black
single-face-335467.jpg,3,F,latino hispanic
single-face-335468.jpg,1,F,latino hispanic
single-face-335470.jpg,3,F,asian
single-face-335511.jpg,5,F,white
single-face-335512.jpg,6,M,white
single-face-335513.jpg,6,M,white
single-face-335515.jpg,6,F,white
single-face-362280.jpg,3,F,white
single-face-362282.jpg,3,M,white
single-face-362296.jpg,5,F,white
single-face-362297.jpg,3,M,white
single-face-362299.jpg,1,F,white
single-face-362301.jpg,1,F,latino hispanic
single-face-362307.jpg,1,F,white
single-face-362313.jpg,5,F,white
single-face-362321.jpg,3,M,asian
single-face-362325.jpg,3,F,asian
single-face-362330.jpg,1,M,asian
single-face-362332.jpg,5,M,asian
single-face-362340.jpg,5,F,white
single-face-362345.jpg,6,M,latino hispanic
single-face-362347.jpg,3,M,latino hispanic
single-face-362364.jpg,0,M,asian
single-face-362368.jpg,0,M,asian
single-face-362370.jpg,1,M,asian
single-face-362375.jpg,0,F,asian
single-face-362383.jpg,1,M,asian
single-face-362385.jpg,1,F,asian
single-face-362387.jpg,1,M,asian
single-face-362390.jpg,1,F,asian
single-face-362393.jpg,1,F,asian
single-face-362396.jpg,1,F,asian
single-face-362398.jpg,1,F,asian
single-face-362400.jpg,1,F,asian
single-face-366669.jpg,6,M,latino hispanic
single-face-371002.jpg,3,F,black
single-face-371004.jpg,3,M,black
single-face-371023.jpg,0,M,asian
single-face-371024.jpg,1,F,asian
single-face-371025.jpg,1,F,asian
single-face-371026.jpg,1,F,asian
single-face-371028.jpg,1,M,asian
single-face-371035.jpg,3,F,black
single-face-371039.jpg,5,F,black
single-face-371067.jpg,6,M,indian
single-face-371068.jpg,6,F,indian
single-face-371069.jpg,5,M,indian
single-face-371070.jpg,6,M,latino hispanic
single-face-371078.jpg,1,F,asian
single-face-371079.jpg,1,M,asian
single-face-371080.jpg,3,F,asian
single-face-371084.jpg,3,M,white
single-face-371098.jpg,3,M,asian
single-face-371115.jpg,7,F,latino hispanic
single-face-371116.jpg,7,M,asian
single-face-371119.jpg,0,F,latino hispanic
single-face-371131.jpg,6,M,white
single-face-371145.jpg,3,F,white
single-face-371146.jpg,3
single-face-371149.jpg,1,F,asian
single-face-371150.jpg,0,F,asian
single-face-371151.jpg,1,M,white
single-face-371152.jpg,3,M,asian
single-face-371169.jpg,7,F,asian
single-face-371171.jpg,6,F,asian
single-face-371174.jpg,6,F,white
single-face-377703.jpg,5,F,latino hispanic
single-face-377705.jpg,5,F,latino hispanic
single-face-377707.jpg,6,F,latino hispanic
single-face-378728.jpg,5,F,white
single-face-382520.jpg,5,M,white
single-face-382521.jpg,3,M,latino hispanic
single-face-382527.jpg,1,M,asian
single-face-393175.jpg,6,F,asian
single-face-397584.jpg,5,F,white
single-face-397595.jpg,6,M,white
single-face-397596.jpg,6,M,white
single-face-397597.jpg,6,M,white
single-face-397599.jpg,6,F,white
single-face-397600.jpg,5,F,white
single-face-397602.jpg,6,M,white
single-face-397603.jpg,5,M,white
single-face-397604.jpg,5,F,white
single-face-397605.jpg,6,M,white
single-face-397609.jpg,5,F,white
single-face-397610.jpg,6,M,white
single-face-397611.jpg,5,M,asian
single-face-397616.jpg,5
single-face-401562.jpg,1
single-face-401563.jpg,3,F,asian
single-face-401564.jpg,3,M,asian
single-face-401565.jpg,3
single-face-401572.jpg,1
single-face-401573.jpg,3,F,asian
single-face-401574.jpg,3,M,asian
single-face-401575.jpg,5
single-face-401577.jpg,6,F,white
single-face-402567.jpg,7,M,black
single-face-402568.jpg,7,M,black
single-face-402569.jpg,6,M,black
single-face-406559.jpg,3,M,white
single-face-406560.jpg,7,M,indian
single-face-406562.jpg,3,F,asian
single-face-406564.jpg,3,M,white
single-face-406566.jpg,6,F,white
single-face-418116.jpg,1,F,asian
single-face-418118.jpg,1,F,asian
single-face-419263.jpg,6,M,black
single-face-419265.jpg,5,F,black
single-face-419267.jpg,5,F,black
single-face-419272.jpg,6,F,black
single-face-419283.jpg,3,F,white
single-face-419285.jpg,7,F,latino hispanic
single-face-419287.jpg,6,F,white
single-face-419289.jpg,7,M,latino hispanic
single-face-419292.jpg,6,M,black
single-face-419294.jpg,6,F,black
single-face-419296.jpg,7,M,black
single-face-419298.jpg,6,M,black
single-face-419301.jpg,6,F,black
single-face-419302.jpg,7,F,black
single-face-419305.jpg,7,F,black
single-face-419307.jpg,6,M,black
single-face-419310.jpg,6,F,black
single-face-419331.jpg,3,M,white
single-face-419344.jpg,5,F,asian
single-face-419350.jpg,6,F,latino hispanic
single-face-419352.jpg,6,F,latino hispanic
single-face-419354.jpg,6,F,latino hispanic
single-face-419356.jpg,5,F,latino hispanic
single-face-419360.jpg,6,F,latino hispanic
single-face-419363.jpg,5,F,latino hispanic
single-face-419365.jpg,5,M,latino hispanic
single-face-419380.jpg,7,F,black
single-face-419394.jpg,3,F,white
single-face-419398.jpg,1,M,white
single-face-419417.jpg,3,M,latino hispanic
single-face-419419.jpg,5,M,latino hispanic
single-face-419423.jpg,6,M,asian
single-face-419425.jpg,5,F,white
single-face-419465.jpg,1,F,latino hispanic
single-face-422366.jpg,1,F,middle eastern
single-face-422370.jpg,1
single-face-422371.jpg,3,F,asian
single-face-422379.jpg,13
single-face-422385.jpg,5,F,white
single-face-440978.jpg,1,F,asian
single-face-440985.jpg,1,F,white
single-face-451632.jpg,1,M,white
single-face-451633.jpg,3,M,white
single-face-451636.jpg,0,M,latino hispanic
single-face-451637.jpg,0,F,latino hispanic
single-face-451638.jpg,0,M,asian
single-face-451650.jpg,6,M,latino hispanic
single-face-451651.jpg,5,F,latino hispanic
single-face-451655.jpg,3,F,asian
single-face-451656.jpg,1,F,asian
single-face-451659.jpg,1,M,white
single-face-468579.jpg,5,F,indian
single-face-468600.jpg,1,F,asian
single-face-468601.jpg,6,M,asian
single-face-468602.jpg,3,F,white
single-face-468604.jpg,3,M,white
single-face-468606.jpg,3,F,asian
single-face-468607.jpg,5,F,asian
single-face-468608.jpg,3,M,white
single-face-468624.jpg,1,F,asian
single-face-468625.jpg,1,F,asian
single-face-468628.jpg,1,F,asian
single-face-468631.jpg,5,F,white
single-face-468647.jpg,5,M,asian
single-face-468651.jpg,5,M,white
single-face-468664.jpg,5,F,white
single-face-468665.jpg,3,M,white
single-face-468667.jpg,5,M,white
single-face-468669.jpg,5,F,white
single-face-478627.jpg,1,M,white
single-face-478629.jpg,3,F,asian
single-face-491724.jpg,13,F,white
single-face-491733.jpg,3,F,asian
single-face-491734.jpg,5,M,asian
single-face-491735.jpg,7,F,asian
single-face-491737.jpg,8,F,asian
single-face-491750.jpg,5,F,white
single-face-491752.jpg,5,F,latino hispanic
single-face-491755.jpg,5,F,white
single-face-494017.jpg,6,F,latino hispanic
single-face-494024.jpg,3,M,black
single-face-494025.jpg,5,F,latino hispanic
single-face-494027.jpg,3,F,asian
single-face-494029.jpg,1,F,asian
single-face-494030.jpg,0,F,asian
single-face-494031.jpg,3,F,asian
single-face-494032.jpg,1,F,asian
single-face-494033.jpg,1,M,asian
single-face-494043.jpg,1,F,asian
single-face-494044.jpg,1,F,asian
single-face-494045.jpg,3,F,white
single-face-494080.jpg,3,F,asian
single-face-494092.jpg,3,M,asian
single-face-494094.jpg,1,M,asian
single-face-512294.jpg,7,F,white
single-face-512295.jpg,5,F,asian
single-face-512296.jpg,5,F,white
single-face-512297.jpg,1,F,white
single-face-512298.jpg,0,F,white
single-face-512299.jpg,0,M,asian
single-face-512300.jpg,3,F,asian
single-face-512302.jpg,5,M,asian
single-face-512372.jpg,6,F,white
single-face-512374.jpg,6,M,latino hispanic
single-face-512376.jpg,1,F,white
single-face-512377.jpg,3,M,white
single-face-512378.jpg,5,F,white
single-face-512380.jpg,6,F,white
single-face-512388.jpg,1,F,white
single-face-512389.jpg,5,M,white
single-face-512391.jpg,6,F,white
single-face-512393.jpg,0,F,white
single-face-512395.jpg,0,F,white
single-face-512396.jpg,3,F,asian
single-face-512399.jpg,1,F,white
single-face-512400.jpg,5,M,white
single-face-512402.jpg,6,F,latino hispanic
single-face-524422.jpg,3,F,asian
single-face-524433.jpg,5,M,asian
single-face-524455.jpg,5,F,asian
single-face-524457.jpg,6,F,latino hispanic
single-face-524463.jpg,1,F,asian
single-face-524468.jpg,3,F,white
single-face-524487.jpg,0,F,asian
single-face-533722.jpg,5,F,white
single-face-533724.jpg,5,F,white
single-face-533738.jpg,6,M,white
single-face-533740.jpg,6,M,white
single-face-533749.jpg,5,F,white
single-face-533759.jpg,5,F,white
single-face-542065.jpg,9,F,black
single-face-542066.jpg,9,F,black
single-face-542068.jpg,8,F,black
single-face-542071.jpg,11,F,black
single-face-542075.jpg,3,F,latino hispanic
single-face-546166.jpg,3,F,white
single-face-557320.jpg,5,F,asian
single-face-557323.jpg,3,M,white
single-face-557324.jpg,3,F,white
single-face-557328.jpg,3,F,white
single-face-557341.jpg,3,F,asian
single-face-560754.jpg,6,M,white
single-face-560756.jpg,6,F,white
single-face-560758.jpg,6,F,white
single-face-560774.jpg,5,F,white
single-face-571485.jpg,3,F,white
single-face-571486.jpg,3,F,white
single-face-571488.jpg,6,M,white
single-face-571489.jpg,1,M,white
single-face-571490.jpg,1,F,asian
single-face-571491.jpg,1,F,white
single-face-578150.jpg,29,M,white
single-face-581375.jpg,5,F,asian
single-face-581376.jpg,5,F,white
single-face-581377.jpg,5,M,latino hispanic
single-face-581378.jpg,5,F,asian
single-face-581382.jpg,3
single-face-581390.jpg,0,M,white
single-face-581391.jpg,3,F,asian
single-face-581392.jpg,3,F,white
single-face-581393.jpg,1,F,white
single-face-581396.jpg,0,F,white
single-face-600227.jpg,3,F,white
single-face-600228.jpg,3,F,white
single-face-600229.jpg,3,M,white
single-face-600230.jpg,3,F,white
single-face-600231.jpg,5,F,white
single-face-600233.jpg,5,M,white
single-face-600242.jpg,3,F,asian
single-face-608823.jpg,5,M,black
single-face-608825.jpg,5,M,black
single-face-608834.jpg,1,F,asian
single-face-608838.jpg,1,F,asian
single-face-608842.jpg,1,F,asian
single-face-608845.jpg,1,F,asian
single-face-608875.jpg,6,F,white
single-face-617139.jpg,5,F,asian
single-face-621424.jpg,1,F,asian
single-face-621426.jpg,6,F,asian
single-face-621430.jpg,1,F,asian
single-face-621431.jpg,1,F,asian
single-face-628260.jpg,5,M,asian
single-face-628262.jpg,5,M,asian
single-face-628263.jpg,3,F,white
single-face-628264.jpg,5,F,asian
single-face-628267.jpg,5,F,asian
single-face-628268.jpg,3,M,asian
single-face-628269.jpg,3,M,white
single-face-636643.jpg,3,M,asian
single-face-636645.jpg,0,F,asian
single-face-636648.jpg,3,M,black
single-face-636649.jpg,1,F,white
single-face-636656.jpg,3,M,white
single-face-636662.jpg,3,F,asian
single-face-653687.jpg,7,M,latino hispanic
single-face-653691.jpg,6,M,latino hispanic
single-face-653693.jpg,6,F,asian
single-face-653697.jpg,5,F,asian
single-face-653699.jpg,5,F,asian
single-face-653715.jpg,6,M,white
single-face-653717.jpg,5
single-face-653718.jpg,5,F,white
single-face-653725.jpg,3,M,white
single-face-653726.jpg,9,M,latino hispanic
single-face-653750.jpg,6,M,white
single-face-653753.jpg,6,M,latino hispanic
single-face-653758.jpg,3
single-face-667663.jpg,5,F,latino hispanic
single-face-667664.jpg,3,F,white
single-face-667670.jpg,9,F,asian
single-face-667686.jpg,failed,F,black
single-face-676494.jpg,5,F,white
single-face-683823.jpg,3,M,asian
single-face-683825.jpg,1,F,asian
single-face-683827.jpg,1,F,asian
single-face-683828.jpg,6,M,asian
single-face-683830.jpg,5,F,asian
single-face-691011.jpg,3,F,asian
single-face-695966.jpg,1,F,white
single-face-697904.jpg,1,F,asian
single-face-709926.jpg,3,F,white
single-face-709938.jpg,1
single-face-720518.jpg,3,F,asian
single-face-720534.jpg,3,F,asian
single-face-720549.jpg,0,F,asian
single-face-720551.jpg,0,F,asian
single-face-744345.jpg,8,M,white
single-face-744347.jpg,6,M,white
single-face-744348.jpg,6,F,white
single-face-744349.jpg,6,M,white
single-face-744350.jpg,6,M,white
single-face-744368.jpg,1,F,white
single-face-744372.jpg,0,M,asian
single-face-744374.jpg,0,F,white
single-face-744376.jpg,0,M,asian
single-face-744378.jpg,3,F,white
single-face-744380.jpg,5,F,white
single-face-744393.jpg,3,M,latino hispanic
single-face-744395.jpg,6,M,white
single-face-744398.jpg,6,M,white
single-face-744399.jpg,5,M,asian
single-face-744409.jpg,1,M,white
single-face-744431.jpg,6,F,white
single-face-744439.jpg,3,F,asian
single-face-744451.jpg,6,F,white
single-face-767073.jpg,1,F,asian
single-face-767074.jpg,3,F,asian
single-face-767085.jpg,8,M,white
single-face-767109.jpg,1,M,asian
single-face-767111.jpg,1
single-face-767112.jpg,3,F,asian
single-face-779931.jpg,5,F,white
single-face-779933.jpg,6
single-face-779942.jpg,5,F,white
single-face-779944.jpg,5,M,white
single-face-779945.jpg,5,F,white
single-face-779962.jpg,5,F,asian
single-face-779968.jpg,5,F,black
single-face-779970.jpg,6,M,asian
single-face-779972.jpg,5
single-face-791754.jpg,14,M,asian
single-face-796052.jpg,1,M,asian
single-face-796066.jpg,1
single-face-796067.jpg,1
single-face-796073.jpg,1,M,asian
single-face-796109.jpg,1,F,asian
single-face-796117.jpg,5,M,white
single-face-796124.jpg,3,F,asian
single-face-796127.jpg,5,M,asian
single-face-796129.jpg,6,M,asian
single-face-796145.jpg,5,M,white
single-face-796150.jpg,6,M,asian
single-face-796153.jpg,6,M,asian
single-face-796217.jpg,3,M,white
single-face-796220.jpg,6,M,black
single-face-796225.jpg,5,F,asian
single-face-796228.jpg,6,F,asian
single-face-796230.jpg,5,F,black
single-face-796235.jpg,6,M,asian
single-face-796238.jpg,6,M,latino hispanic
single-face-796240.jpg,6,M,asian
single-face-796241.jpg,6,F,asian
single-face-797078.jpg,6,M,asian
single-face-805387.jpg,5,M,latino hispanic
single-face-805388.jpg,1,M,white
single-face-805389.jpg,3,F,asian
single-face-805391.jpg,5,M,asian
single-face-805392.jpg,3,M,asian
single-face-805393.jpg,3,M,asian
single-face-805395.jpg,6,M,asian
single-face-805398.jpg,3,M,latino hispanic
single-face-805399.jpg,5,F,white
single-face-805400.jpg,6,F,white
single-face-805402.jpg,5,F,white
single-face-805427.jpg,6,F,latino hispanic
single-face-805431.jpg,6
single-face-805432.jpg,6,F,white
single-face-813865.jpg,1,F,asian
single-face-822568.jpg,1,M,white
single-face-822569.jpg,5,F,white
single-face-822571.jpg,5,M,white
single-face-822575.jpg,6,F,white
single-face-828829.jpg,3,F,asian
single-face-828830.jpg,1,M,asian
single-face-828832.jpg,8
single-face-828836.jpg,7,F,black
single-face-828840.jpg,34,M,latino hispanic
single-face-828841.jpg,12,F,asian
single-face-828843.jpg,18,F,asian
single-face-839326.jpg,5,M,white
single-face-839346.jpg,1,M,asian
single-face-844927.jpg,1,F,asian
single-face-844931.jpg,1,F,asian
single-face-850239.jpg,5,M,asian
single-face-856243.jpg,6,F,white
single-face-856244.jpg,1,M,asian
single-face-869014.jpg,3,M,asian
single-face-872808.jpg,18,M,white
single-face-872809.jpg,6,F,white
single-face-872811.jpg,9,M,white
single-face-872812.jpg,7
single-face-872829.jpg,7,M,middle eastern
single-face-872830.jpg,8,F,latino hispanic
single-face-872831.jpg,7,F,asian
single-face-872833.jpg,8,M,middle eastern
single-face-872835.jpg,6,F,latino hispanic
single-face-872837.jpg,6,M,latino hispanic
single-face-872839.jpg,5,M,asian
single-face-872840.jpg,9,M,black
single-face-872845.jpg,7,M,black
single-face-872847.jpg,8,M,black
single-face-872848.jpg,9,F,black
single-face-872859.jpg,0,F,asian
single-face-872879.jpg,6,M,white
single-face-872884.jpg,6,F,white
single-face-872885.jpg,6
single-face-872886.jpg,3,F,white
single-face-872908.jpg,6,M,latino hispanic
single-face-872909.jpg,9,F,middle eastern
single-face-872910.jpg,7,F,asian
single-face-887299.jpg,6,F,latino hispanic
single-face-895011.jpg,1,M,asian
single-face-895016.jpg,0,M,asian
single-face-895017.jpg,1,F,asian
single-face-907879.jpg,1,F,latino hispanic
single-face-907881.jpg,3,F,latino hispanic
single-face-907882.jpg,1,M,indian
single-face-907883.jpg,3,M,latino hispanic
single-face-907886.jpg,5,M,latino hispanic
single-face-907887.jpg,3,M,indian
single-face-912471.jpg,5,F,white
single-face-921933.jpg,6,M,white
single-face-921934.jpg,3,F,asian
single-face-921936.jpg,6,M,white
single-face-921938.jpg,5,M,white
single-face-921939.jpg,5,F,latino hispanic
single-face-921940.jpg,3,M,white
single-face-921942.jpg,0,F,white
single-face-921945.jpg,6,M,white
single-face-949076.jpg,6,M,white
single-face-949080.jpg,7,F,black
single-face-949082.jpg,5,F,latino hispanic
single-face-949086.jpg,5,M,latino hispanic
single-face-949088.jpg,6,F,white
single-face-949104.jpg,3,F,asian
single-face-949113.jpg,5,F,white
single-face-949155.jpg,5,M,latino hispanic
single-face-949160.jpg,3,F,asian
single-face-949162.jpg,5,M,latino hispanic
single-face-949175.jpg,3,M,white
single-face-949176.jpg,5,F,white
single-face-949177.jpg,5,M,white
single-face-949184.jpg,3,F,asian
single-face-949187.jpg,5,F,asian
single-face-949209.jpg,3,F,white
single-face-949210.jpg,3,M,asian
single-face-949211.jpg,3,M,asian
single-face-949215.jpg,3,F,asian
single-face-956994.jpg,5,F,white
single-face-963202.jpg,5,F,white
single-face-973433.jpg,6,F,white
single-face-973434.jpg,6,M,white
single-face-973436.jpg,7,F,white
single-face-973438.jpg,3
single-face-973441.jpg,6,F,white
single-face-974937.jpg,5,F,white
single-face-974939.jpg,5,M,white
single-face-974940.jpg,5,M,asian
single-face-974942.jpg,5,M,latino hispanic
single-face-984482.jpg,5,M,white
single-face-984485.jpg,5,F,latino hispanic
single-face-984487.jpg,1,F,asian
single-face-984488.jpg,1,F,asian
single-face-984491.jpg,1,F,asian
